reqId,ra,dec,startJD,endJD,created,started,ended,machine,exitcode,lightcurve
1718188,241.8473002,13.8926829,2458216.123,2458450.025,2024-06-05 18:07:00,2024-06-06 6:55:20,2024-06-06 6:56:12,6,57,/ztf/ops/forcedphot/lc/batchfp/br008101-008200/8108/3304ba6baa7588617dd7f9cbd862747c/batchfp_req0001718188_lc.txt
1718189,204.8457138,51.0497736,2458216.123,2458450.025,2024-06-05 18:07:00,2024-06-06 6:56:13,2024-06-06 6:59:37,6,61,/ztf/ops/forcedphot/lc/batchfp/br008101-008200/8108/3304ba6baa7588617dd7f9cbd862747c/batchfp_req0001718189_lc.txt
1718190,60.6632611,25.2335423,2458216.123,2458450.025,2024-06-05 18:07:00,2024-06-06 6:56:25,2024-06-06 6:57:56,8,61,/ztf/ops/forcedphot/lc/batchfp/br008101-008200/8108/3304ba6baa7588617dd7f9cbd862747c/batchfp_req0001718190_lc.txt
1718191,296.9899108,3.9450552,2458216.123,2458450.025,2024-06-05 18:07:00,2024-06-06 6:57:59,2024-06-06 6:58:26,8,63,/ztf/ops/forcedphot/lc/batchfp/br008101-008200/8108/3304ba6baa7588617dd7f9cbd862747c/batchfp_req0001718191_lc.txt
1718192,215.1956051,-19.7861316,2458216.123,2458450.025,2024-06-05 18:07:01,2024-06-06 6:58:05,2024-06-06 6:58:30,12,57,/ztf/ops/forcedphot/lc/batchfp/br008101-008200/8108/3304ba6baa7588617dd7f9cbd862747c/batchfp_req0001718192_lc.txt
1718193,195.0790307,-33.6297568,2458216.123,2458450.025,2024-06-05 18:07:01,2024-06-06 6:58:27,2024-06-06 6:58:27,8,63,/ztf/ops/forcedphot/lc/batchfp/br008101-008200/8108/3304ba6baa7588617dd7f9cbd862747c/batchfp_req0001718193_lc.txt
1718194,17.7852316,-13.9441306,2458216.123,2458450.025,2024-06-05 18:07:01,2024-06-06 6:58:28,2024-06-06 7:00:03,8,57,/ztf/ops/forcedphot/lc/batchfp/br008101-008200/8108/3304ba6baa7588617dd7f9cbd862747c/batchfp_req0001718194_lc.txt
1718195,129.5440776,25.1015202,2458216.123,2458450.025,2024-06-05 18:07:01,2024-06-06 6:58:31,2024-06-06 6:59:12,12,57,/ztf/ops/forcedphot/lc/batchfp/br008101-008200/8108/3304ba6baa7588617dd7f9cbd862747c/batchfp_req0001718195_lc.txt
1718196,163.9395157,24.0277239,2458216.123,2458450.025,2024-06-05 18:07:01,2024-06-06 6:58:34,2024-06-06 6:59:31,10,56,/ztf/ops/forcedphot/lc/batchfp/br008101-008200/8108/3304ba6baa7588617dd7f9cbd862747c/batchfp_req0001718196_lc.txt
1718197,334.1940943,86.9325033,2458216.123,2458450.025,2024-06-05 18:07:01,2024-06-06 6:58:42,2024-06-06 6:58:46,7,63,/ztf/ops/forcedphot/lc/batchfp/br008101-008200/8108/3304ba6baa7588617dd7f9cbd862747c/batchfp_req0001718197_lc.txt
1718198,39.595142,-11.7389248,2458216.123,2458450.025,2024-06-05 18:07:01,2024-06-06 6:58:43,2024-06-06 6:59:09,11,61,/ztf/ops/forcedphot/lc/batchfp/br008101-008200/8108/3304ba6baa7588617dd7f9cbd862747c/batchfp_req0001718198_lc.txt
1718199,203.1880694,-13.0471605,2458216.123,2458450.025,2024-06-05 18:07:01,2024-06-06 6:58:47,2024-06-06 6:59:07,7,0,/ztf/ops/forcedphot/lc/batchfp/br008101-008200/8108/3304ba6baa7588617dd7f9cbd862747c/batchfp_req0001718199_lc.txt
1718200,97.9791537,35.5565825,2458216.123,2458450.025,2024-06-05 18:07:01,2024-06-06 6:59:08,2024-06-06 7:00:52,7,57,/ztf/ops/forcedphot/lc/batchfp/br008101-008200/8108/3304ba6baa7588617dd7f9cbd862747c/batchfp_req0001718200_lc.txt
1718201,214.2615809,10.8219968,2458216.123,2458450.025,2024-06-05 18:07:01,2024-06-06 6:59:10,2024-06-06 7:41:49,11,61,/ztf/ops/forcedphot/lc/batchfp/br008101-008200/8108/3304ba6baa7588617dd7f9cbd862747c/batchfp_req0001718201_lc.txt
1718202,185.4481515,10.5914751,2458216.123,2458450.025,2024-06-05 18:07:01,2024-06-06 6:59:13,2024-06-06 7:00:37,12,61,/ztf/ops/forcedphot/lc/batchfp/br008101-008200/8108/3304ba6baa7588617dd7f9cbd862747c/batchfp_req0001718202_lc.txt
1718203,201.2416019,-24.1807848,2458216.123,2458450.025,2024-06-05 18:07:01,2024-06-06 6:59:32,2024-06-06 6:59:36,10,61,/ztf/ops/forcedphot/lc/batchfp/br008101-008200/8108/3304ba6baa7588617dd7f9cbd862747c/batchfp_req0001718203_lc.txt
1718204,219.5078377,10.1840755,2458216.123,2458450.025,2024-06-05 18:07:01,2024-06-06 6:59:37,2024-06-06 7:00:17,10,0,/ztf/ops/forcedphot/lc/batchfp/br008101-008200/8108/3304ba6baa7588617dd7f9cbd862747c/batchfp_req0001718204_lc.txt
1718205,211.3783892,15.7209506,2458216.123,2458450.025,2024-06-05 18:07:01,2024-06-06 6:59:40,2024-06-06 7:00:38,6,0,/ztf/ops/forcedphot/lc/batchfp/br008101-008200/8108/3304ba6baa7588617dd7f9cbd862747c/batchfp_req0001718205_lc.txt
1745087,214.2615809,10.8219968,2458194.5,2460468.101,2024-06-06 14:27:19,2024-06-07 14:01:53,2024-06-07 14:21:42,10,61,/ztf/ops/forcedphot/lc/batchfp/br008101-008200/8132/e314ae8dca4ed4a06ca3a76d39df4d15/batchfp_req0001745087_lc.txt
1745088,29.1356962,3.8604084,2458194.5,2460468.101,2024-06-06 14:27:20,2024-06-07 14:02:04,2024-06-07 14:25:54,14,61,/ztf/ops/forcedphot/lc/batchfp/br008101-008200/8132/e314ae8dca4ed4a06ca3a76d39df4d15/batchfp_req0001745088_lc.txt
1745089,1.1623693,-8.0999267,2458194.5,2460468.101,2024-06-06 14:27:20,2024-06-07 14:02:13,2024-06-07 14:11:19,12,61,/ztf/ops/forcedphot/lc/batchfp/br008101-008200/8132/e314ae8dca4ed4a06ca3a76d39df4d15/batchfp_req0001745089_lc.txt
1745090,35.424387,-25.927123,2458194.5,2460468.101,2024-06-06 14:27:20,2024-06-07 14:02:20,2024-06-07 14:06:57,13,61,/ztf/ops/forcedphot/lc/batchfp/br008101-008200/8132/e314ae8dca4ed4a06ca3a76d39df4d15/batchfp_req0001745090_lc.txt
1745091,184.5078288,-20.8576019,2458194.5,2460468.101,2024-06-06 14:27:20,2024-06-07 14:02:23,2024-06-07 14:05:40,8,61,/ztf/ops/forcedphot/lc/batchfp/br008101-008200/8132/e314ae8dca4ed4a06ca3a76d39df4d15/batchfp_req0001745091_lc.txt
1745092,219.5078377,10.1840755,2458194.5,2460468.101,2024-06-06 14:27:20,2024-06-07 14:02:26,2024-06-07 14:13:11,8,56,/ztf/ops/forcedphot/lc/batchfp/br008101-008200/8132/e314ae8dca4ed4a06ca3a76d39df4d15/batchfp_req0001745092_lc.txt
1745093,178.7942524,-7.8431563,2458194.5,2460468.101,2024-06-06 14:27:20,2024-06-07 14:02:26,2024-06-07 14:04:53,11,61,/ztf/ops/forcedphot/lc/batchfp/br008101-008200/8132/e314ae8dca4ed4a06ca3a76d39df4d15/batchfp_req0001745093_lc.txt
1745094,356.0632529,-23.5291812,2458194.5,2460468.101,2024-06-06 14:27:20,2024-06-07 14:02:31,2024-06-07 14:07:58,12,61,/ztf/ops/forcedphot/lc/batchfp/br008101-008200/8132/e314ae8dca4ed4a06ca3a76d39df4d15/batchfp_req0001745094_lc.txt
1745095,194.7234027,28.1269499,2458194.5,2460468.101,2024-06-06 14:27:20,2024-06-07 14:02:40,2024-06-07 14:13:47,2,61,/ztf/ops/forcedphot/lc/batchfp/br008101-008200/8132/e314ae8dca4ed4a06ca3a76d39df4d15/batchfp_req0001745095_lc.txt
1745096,211.3783892,15.7209506,2458194.5,2460468.101,2024-06-06 14:27:20,2024-06-07 14:02:55,2024-06-07 14:16:04,11,61,/ztf/ops/forcedphot/lc/batchfp/br008101-008200/8132/e314ae8dca4ed4a06ca3a76d39df4d15/batchfp_req0001745096_lc.txt
1745097,32.76231,36.4817499,2458194.5,2460468.101,2024-06-06 14:27:20,2024-06-07 14:02:58,2024-06-07 14:24:27,3,61,/ztf/ops/forcedphot/lc/batchfp/br008101-008200/8132/e314ae8dca4ed4a06ca3a76d39df4d15/batchfp_req0001745097_lc.txt
1745098,138.7534838,22.589562,2458194.5,2460468.101,2024-06-06 14:27:20,2024-06-07 14:04:54,2024-06-07 14:26:15,11,61,/ztf/ops/forcedphot/lc/batchfp/br008101-008200/8132/e314ae8dca4ed4a06ca3a76d39df4d15/batchfp_req0001745098_lc.txt
1745099,45.879973,27.6821988,2458194.5,2460468.101,2024-06-06 14:27:20,2024-06-07 14:05:43,2024-06-07 14:18:34,8,61,/ztf/ops/forcedphot/lc/batchfp/br008101-008200/8132/e314ae8dca4ed4a06ca3a76d39df4d15/batchfp_req0001745099_lc.txt
1745100,16.8877866,32.4082286,2458194.5,2460468.101,2024-06-06 14:27:20,2024-06-06 19:00:03,2024-06-06 19:30:08,10,61,/ztf/ops/forcedphot/lc/batchfp/br008101-008200/8132/e314ae8dca4ed4a06ca3a76d39df4d15/batchfp_req0001745100_lc.txt
1745101,39.595142,-11.7389248,2458194.5,2460468.101,2024-06-06 14:27:20,2024-06-07 14:06:05,2024-06-07 14:11:12,6,61,/ztf/ops/forcedphot/lc/batchfp/br008101-008200/8132/e314ae8dca4ed4a06ca3a76d39df4d15/batchfp_req0001745101_lc.txt
1745102,70.7292064,0.6183745,2458194.5,2460468.101,2024-06-06 14:27:20,2024-06-07 14:07:23,2024-06-07 14:26:29,13,56,/ztf/ops/forcedphot/lc/batchfp/br008101-008200/8132/e314ae8dca4ed4a06ca3a76d39df4d15/batchfp_req0001745102_lc.txt
1745103,215.1956051,-19.7861316,2458194.5,2460468.101,2024-06-06 14:27:20,2024-06-07 14:07:35,2024-06-07 14:17:31,9,57,/ztf/ops/forcedphot/lc/batchfp/br008101-008200/8132/e314ae8dca4ed4a06ca3a76d39df4d15/batchfp_req0001745103_lc.txt
1745104,15.9512944,10.5923517,2458194.5,2460468.101,2024-06-06 14:27:20,2024-06-07 14:08:01,2024-06-07 14:20:03,12,56,/ztf/ops/forcedphot/lc/batchfp/br008101-008200/8132/e314ae8dca4ed4a06ca3a76d39df4d15/batchfp_req0001745104_lc.txt
1745105,240.6664109,15.762149,2458194.5,2460468.101,2024-06-06 14:27:20,2024-06-07 14:08:03,2024-06-07 14:25:02,7,56,/ztf/ops/forcedphot/lc/batchfp/br008101-008200/8132/e314ae8dca4ed4a06ca3a76d39df4d15/batchfp_req0001745105_lc.txt
1745106,320.9141591,39.5809029,2458194.5,2460468.101,2024-06-06 14:27:20,2024-06-07 14:08:49,2024-06-07 14:54:26,5,61,/ztf/ops/forcedphot/lc/batchfp/br008101-008200/8132/e314ae8dca4ed4a06ca3a76d39df4d15/batchfp_req0001745106_lc.txt
1745107,246.3020427,40.8402535,2458194.5,2460468.101,2024-06-06 14:27:20,2024-06-07 14:09:47,2024-06-07 14:46:18,10,61,/ztf/ops/forcedphot/lc/batchfp/br008101-008200/8132/e314ae8dca4ed4a06ca3a76d39df4d15/batchfp_req0001745107_lc.txt
1745108,241.8473002,13.8926829,2458194.5,2460468.101,2024-06-06 14:27:20,2024-06-07 14:09:51,2024-06-07 14:24:50,13,57,/ztf/ops/forcedphot/lc/batchfp/br008101-008200/8132/e314ae8dca4ed4a06ca3a76d39df4d15/batchfp_req0001745108_lc.txt
1745109,240.276152,19.4502142,2458194.5,2460468.101,2024-06-06 14:27:20,2024-06-07 14:11:03,2024-06-07 14:25:06,1,57,/ztf/ops/forcedphot/lc/batchfp/br008101-008200/8132/e314ae8dca4ed4a06ca3a76d39df4d15/batchfp_req0001745109_lc.txt
1745110,145.7009482,-3.6070618,2458194.5,2460468.101,2024-06-06 14:27:20,2024-06-07 14:11:16,2024-06-07 14:27:02,6,61,/ztf/ops/forcedphot/lc/batchfp/br008101-008200/8132/e314ae8dca4ed4a06ca3a76d39df4d15/batchfp_req0001745110_lc.txt
1745111,129.5440776,25.1015202,2458194.5,2460468.101,2024-06-06 14:27:21,2024-06-07 14:11:23,2024-06-07 14:24:46,3,57,/ztf/ops/forcedphot/lc/batchfp/br008101-008200/8132/e314ae8dca4ed4a06ca3a76d39df4d15/batchfp_req0001745111_lc.txt
1745112,72.7672714,-5.9569289,2458194.5,2460468.101,2024-06-06 14:27:21,2024-06-07 14:11:23,2024-06-07 14:28:19,12,61,/ztf/ops/forcedphot/lc/batchfp/br008101-008200/8132/e314ae8dca4ed4a06ca3a76d39df4d15/batchfp_req0001745112_lc.txt
1745113,249.9783812,37.1823169,2458194.5,2460468.101,2024-06-06 14:27:21,2024-06-07 14:11:38,2024-06-07 14:54:26,5,61,/ztf/ops/forcedphot/lc/batchfp/br008101-008200/8132/e314ae8dca4ed4a06ca3a76d39df4d15/batchfp_req0001745113_lc.txt
1745114,96.7203877,-24.6147976,2458194.5,2460468.101,2024-06-06 14:27:21,2024-06-07 14:11:55,2024-06-07 14:18:02,4,57,/ztf/ops/forcedphot/lc/batchfp/br008101-008200/8132/e314ae8dca4ed4a06ca3a76d39df4d15/batchfp_req0001745114_lc.txt
1745115,24.102259,22.0498539,2458194.5,2460468.101,2024-06-06 14:27:21,2024-06-07 14:12:05,2024-06-07 14:30:58,7,61,/ztf/ops/forcedphot/lc/batchfp/br008101-008200/8132/e314ae8dca4ed4a06ca3a76d39df4d15/batchfp_req0001745115_lc.txt
1745116,160.8756455,19.0829515,2458194.5,2460468.101,2024-06-06 14:27:21,2024-06-07 14:12:16,2024-06-07 14:21:30,4,61,/ztf/ops/forcedphot/lc/batchfp/br008101-008200/8132/e314ae8dca4ed4a06ca3a76d39df4d15/batchfp_req0001745116_lc.txt
1745117,19.5191585,14.5537051,2458194.5,2460468.101,2024-06-06 14:27:21,2024-06-07 14:12:51,2024-06-07 14:37:26,6,61,/ztf/ops/forcedphot/lc/batchfp/br008101-008200/8132/e314ae8dca4ed4a06ca3a76d39df4d15/batchfp_req0001745117_lc.txt
1745118,186.6344307,31.4283424,2458194.5,2460468.101,2024-06-06 14:27:21,2024-06-07 14:13:18,2024-06-07 14:17:35,8,61,/ztf/ops/forcedphot/lc/batchfp/br008101-008200/8132/e314ae8dca4ed4a06ca3a76d39df4d15/batchfp_req0001745118_lc.txt
1745119,296.9899108,3.9450552,2458194.5,2460468.101,2024-06-06 14:27:21,2024-06-07 14:14:17,2024-06-07 14:19:36,2,61,/ztf/ops/forcedphot/lc/batchfp/br008101-008200/8132/e314ae8dca4ed4a06ca3a76d39df4d15/batchfp_req0001745119_lc.txt
1745120,139.1750924,18.9650336,2458194.5,2460468.101,2024-06-06 14:27:21,2024-06-07 14:15:16,2024-06-07 14:18:41,15,61,/ztf/ops/forcedphot/lc/batchfp/br008101-008200/8132/e314ae8dca4ed4a06ca3a76d39df4d15/batchfp_req0001745120_lc.txt
1745121,201.2416019,-24.1807848,2458194.5,2460468.101,2024-06-06 14:27:21,2024-06-07 14:16:10,2024-06-07 14:17:07,11,61,/ztf/ops/forcedphot/lc/batchfp/br008101-008200/8132/e314ae8dca4ed4a06ca3a76d39df4d15/batchfp_req0001745121_lc.txt
1745122,227.3563931,25.4715426,2458194.5,2460468.101,2024-06-06 14:27:21,2024-06-07 14:16:25,2024-06-07 14:29:39,2,0,/ztf/ops/forcedphot/lc/batchfp/br008101-008200/8132/e314ae8dca4ed4a06ca3a76d39df4d15/batchfp_req0001745122_lc.txt
1745123,358.8653687,-34.8748441,2458194.5,2460468.101,2024-06-06 14:27:21,2024-06-07 14:16:50,2024-06-07 14:16:50,15,63,/ztf/ops/forcedphot/lc/batchfp/br008101-008200/8132/e314ae8dca4ed4a06ca3a76d39df4d15/batchfp_req0001745123_lc.txt
1745124,95.3950463,-27.2148625,2458194.5,2460468.101,2024-06-06 14:27:21,2024-06-07 14:16:51,2024-06-07 14:22:07,15,57,/ztf/ops/forcedphot/lc/batchfp/br008101-008200/8132/e314ae8dca4ed4a06ca3a76d39df4d15/batchfp_req0001745124_lc.txt
1745125,167.9824907,3.133703,2458194.5,2460468.101,2024-06-06 14:27:21,2024-06-07 14:17:09,2024-06-07 14:25:23,11,57,/ztf/ops/forcedphot/lc/batchfp/br008101-008200/8132/e314ae8dca4ed4a06ca3a76d39df4d15/batchfp_req0001745125_lc.txt
1745126,186.0786118,10.4462823,2458194.5,2460468.101,2024-06-06 14:27:21,2024-06-07 14:17:37,2024-06-07 14:31:13,8,55,/ztf/ops/forcedphot/lc/batchfp/br008101-008200/8132/e314ae8dca4ed4a06ca3a76d39df4d15/batchfp_req0001745126_lc.txt
1745127,203.1880694,-13.0471605,2458194.5,2460468.101,2024-06-06 14:27:21,2024-06-07 14:17:40,2024-06-07 14:24:08,9,55,/ztf/ops/forcedphot/lc/batchfp/br008101-008200/8132/e314ae8dca4ed4a06ca3a76d39df4d15/batchfp_req0001745127_lc.txt
1745128,64.1733931,-12.1835627,2458194.5,2460468.101,2024-06-06 14:27:21,2024-06-07 14:18:09,2024-06-07 14:30:24,4,56,/ztf/ops/forcedphot/lc/batchfp/br008101-008200/8132/e314ae8dca4ed4a06ca3a76d39df4d15/batchfp_req0001745128_lc.txt
1745129,175.2831991,24.819698,2458194.5,2460468.101,2024-06-06 14:27:21,2024-06-07 14:18:20,2024-06-07 14:43:03,14,57,/ztf/ops/forcedphot/lc/batchfp/br008101-008200/8132/e314ae8dca4ed4a06ca3a76d39df4d15/batchfp_req0001745129_lc.txt
1745130,55.2881204,-2.8485376,2458194.5,2460468.101,2024-06-06 14:27:21,2024-06-07 14:18:41,2024-06-07 14:26:37,8,61,/ztf/ops/forcedphot/lc/batchfp/br008101-008200/8132/e314ae8dca4ed4a06ca3a76d39df4d15/batchfp_req0001745130_lc.txt
1745131,17.7852316,-13.9441306,2458194.5,2460468.101,2024-06-06 14:27:21,2024-06-07 14:18:43,2024-06-07 14:25:22,15,61,/ztf/ops/forcedphot/lc/batchfp/br008101-008200/8132/e314ae8dca4ed4a06ca3a76d39df4d15/batchfp_req0001745131_lc.txt
1745132,259.0307884,40.7867113,2458194.5,2460468.101,2024-06-06 14:27:21,2024-06-07 14:19:39,2024-06-07 15:20:42,2,56,/ztf/ops/forcedphot/lc/batchfp/br008101-008200/8132/e314ae8dca4ed4a06ca3a76d39df4d15/batchfp_req0001745132_lc.txt
1745133,185.4481515,10.5914751,2458194.5,2460468.101,2024-06-06 14:27:21,2024-06-07 14:20:10,2024-06-07 14:38:23,12,61,/ztf/ops/forcedphot/lc/batchfp/br008101-008200/8132/e314ae8dca4ed4a06ca3a76d39df4d15/batchfp_req0001745133_lc.txt
1745134,163.7085071,-7.3809644,2458194.5,2460468.101,2024-06-06 14:27:21,2024-06-07 14:21:18,2024-06-07 14:28:43,1,57,/ztf/ops/forcedphot/lc/batchfp/br008101-008200/8132/e314ae8dca4ed4a06ca3a76d39df4d15/batchfp_req0001745134_lc.txt
1826835,250.8363409,0.019,2458194.5,2460474.121,2024-06-12 14:55:12,2024-06-13 20:41:17,2024-06-13 20:45:31,15,61,/ztf/ops/forcedphot/lc/batchfp/br008201-008300/8242/bc764e3111ff48d57dafe74da72e40b6/batchfp_req0001826835_lc.txt
1826836,32.76231,0.012129,2458194.5,2460474.121,2024-06-12 14:55:12,2024-06-13 20:41:41,2024-06-13 20:52:11,15,61,/ztf/ops/forcedphot/lc/batchfp/br008201-008300/8242/bc764e3111ff48d57dafe74da72e40b6/batchfp_req0001826836_lc.txt
1826837,163.9395157,0.041546,2458194.5,2460474.121,2024-06-12 14:55:12,2024-06-13 20:42:30,2024-06-13 20:50:59,12,61,/ztf/ops/forcedphot/lc/batchfp/br008201-008300/8242/bc764e3111ff48d57dafe74da72e40b6/batchfp_req0001826837_lc.txt
1826838,24.102259,0.05,2458194.5,2460474.121,2024-06-12 14:55:13,2024-06-13 20:42:49,2024-06-13 20:52:38,10,61,/ztf/ops/forcedphot/lc/batchfp/br008201-008300/8242/bc764e3111ff48d57dafe74da72e40b6/batchfp_req0001826838_lc.txt
1826839,195.060528,0.02,2458194.5,2460474.121,2024-06-12 14:55:13,2024-06-13 20:42:57,2024-06-13 20:49:52,1,61,/ztf/ops/forcedphot/lc/batchfp/br008201-008300/8242/bc764e3111ff48d57dafe74da72e40b6/batchfp_req0001826839_lc.txt
1826840,356.0632529,0.049,2458194.5,2460474.121,2024-06-12 14:55:13,2024-06-13 20:43:37,2024-06-13 20:51:25,6,61,/ztf/ops/forcedphot/lc/batchfp/br008201-008300/8242/bc764e3111ff48d57dafe74da72e40b6/batchfp_req0001826840_lc.txt
1826841,289.1201164,0.052,2458194.5,2460474.121,2024-06-12 14:55:13,2024-06-13 20:44:03,2024-06-13 20:57:36,11,57,/ztf/ops/forcedphot/lc/batchfp/br008201-008300/8242/bc764e3111ff48d57dafe74da72e40b6/batchfp_req0001826841_lc.txt
1826842,244.1257126,0.037,2458194.5,2460474.121,2024-06-12 14:55:13,2024-06-13 20:44:17,2024-06-13 20:52:22,11,57,/ztf/ops/forcedphot/lc/batchfp/br008201-008300/8242/bc764e3111ff48d57dafe74da72e40b6/batchfp_req0001826842_lc.txt
1826843,190.6517101,0.015,2458194.5,2460474.121,2024-06-12 14:55:13,2024-06-13 20:45:19,2024-06-13 20:50:57,12,57,/ztf/ops/forcedphot/lc/batchfp/br008201-008300/8242/bc764e3111ff48d57dafe74da72e40b6/batchfp_req0001826843_lc.txt
1826844,186.6344307,0.06,2458194.5,2460474.121,2024-06-12 14:55:13,2024-06-13 20:45:32,2024-06-13 20:51:33,15,61,/ztf/ops/forcedphot/lc/batchfp/br008201-008300/8242/bc764e3111ff48d57dafe74da72e40b6/batchfp_req0001826844_lc.txt
1826845,214.2615809,0.025,2458194.5,2460474.121,2024-06-12 14:55:13,2024-06-13 20:46:14,2024-06-13 20:54:30,1,57,/ztf/ops/forcedphot/lc/batchfp/br008201-008300/8242/bc764e3111ff48d57dafe74da72e40b6/batchfp_req0001826845_lc.txt
1826846,163.7085071,0.05,2458194.5,2460474.121,2024-06-12 14:55:13,2024-06-13 20:42:30,2024-06-13 20:50:59,12,61,/ztf/ops/forcedphot/lc/batchfp/br008201-008300/8242/bc764e3111ff48d57dafe74da72e40b6/batchfp_req0001826846_lc.txt
1826847,60.6632611,0.019,2458194.5,2460474.121,2024-06-12 14:55:13,2024-06-13 20:48:29,2024-06-13 20:56:55,2,61,/ztf/ops/forcedphot/lc/batchfp/br008201-008300/8242/bc764e3111ff48d57dafe74da72e40b6/batchfp_req0001826847_lc.txt
1826848,74.7593785,0.015,2458194.5,2460474.121,2024-06-12 14:55:13,2024-06-13 20:49:54,2024-06-13 21:09:48,7,61,/ztf/ops/forcedphot/lc/batchfp/br008201-008300/8242/bc764e3111ff48d57dafe74da72e40b6/batchfp_req0001826848_lc.txt
1826849,9.472744,0.06,2458194.5,2460474.121,2024-06-12 14:55:13,2024-06-13 20:49:56,2024-06-13 20:59:20,1,61,/ztf/ops/forcedphot/lc/batchfp/br008201-008300/8242/bc764e3111ff48d57dafe74da72e40b6/batchfp_req0001826849_lc.txt
1826850,45.879973,0.036465,2458194.5,2460474.121,2024-06-12 14:55:13,2024-06-13 20:50:40,2024-06-13 20:59:47,13,61,/ztf/ops/forcedphot/lc/batchfp/br008201-008300/8242/bc764e3111ff48d57dafe74da72e40b6/batchfp_req0001826850_lc.txt
1826851,204.8457138,0.015293,2458194.5,2460474.121,2024-06-12 14:55:13,2024-06-13 20:51:01,2024-06-13 20:57:13,12,57,/ztf/ops/forcedphot/lc/batchfp/br008201-008300/8242/bc764e3111ff48d57dafe74da72e40b6/batchfp_req0001826851_lc.txt
1826852,240.276152,0.01438,2458194.5,2460474.121,2024-06-12 14:55:13,2024-06-13 20:51:03,2024-06-13 20:58:35,12,57,/ztf/ops/forcedphot/lc/batchfp/br008201-008300/8242/bc764e3111ff48d57dafe74da72e40b6/batchfp_req0001826852_lc.txt
1826853,55.2881204,0.036,2458194.5,2460474.121,2024-06-12 14:55:13,2024-06-13 20:51:07,2024-06-13 20:59:04,13,61,/ztf/ops/forcedphot/lc/batchfp/br008201-008300/8242/bc764e3111ff48d57dafe74da72e40b6/batchfp_req0001826853_lc.txt
1826854,184.5078288,0.032269,2458194.5,2460474.121,2024-06-12 14:55:13,2024-06-13 20:51:32,2024-06-13 20:57:05,6,57,/ztf/ops/forcedphot/lc/batchfp/br008201-008300/8242/bc764e3111ff48d57dafe74da72e40b6/batchfp_req0001826854_lc.txt
1826855,203.1880694,0.023,2458194.5,2460474.121,2024-06-12 14:55:13,2024-06-13 20:51:37,2024-06-13 20:58:14,15,57,/ztf/ops/forcedphot/lc/batchfp/br008201-008300/8242/bc764e3111ff48d57dafe74da72e40b6/batchfp_req0001826855_lc.txt
1826856,307.7886705,0.03,2458194.5,2460474.121,2024-06-12 14:55:13,2024-06-13 20:51:39,2024-06-13 21:02:45,7,61,/ztf/ops/forcedphot/lc/batchfp/br008201-008300/8242/bc764e3111ff48d57dafe74da72e40b6/batchfp_req0001826856_lc.txt
1826857,97.9791537,0.027,2458194.5,2460474.121,2024-06-12 14:55:13,2024-06-13 20:52:28,2024-06-13 21:01:58,11,61,/ztf/ops/forcedphot/lc/batchfp/br008201-008300/8242/bc764e3111ff48d57dafe74da72e40b6/batchfp_req0001826857_lc.txt
1826858,16.8877866,0.015,2458194.5,2460474.121,2024-06-12 14:55:13,2024-06-13 20:52:49,2024-06-13 21:03:48,10,61,/ztf/ops/forcedphot/lc/batchfp/br008201-008300/8242/bc764e3111ff48d57dafe74da72e40b6/batchfp_req0001826858_lc.txt
1826859,178.7942524,0.021,2458194.5,2460474.121,2024-06-12 14:55:13,2024-06-13 20:53:05,2024-06-13 20:58:54,2,57,/ztf/ops/forcedphot/lc/batchfp/br008201-008300/8242/bc764e3111ff48d57dafe74da72e40b6/batchfp_req0001826859_lc.txt
1826860,211.3783892,0.07,2458194.5,2460474.121,2024-06-12 14:55:13,2024-06-13 20:53:12,2024-06-13 21:00:46,15,57,/ztf/ops/forcedphot/lc/batchfp/br008201-008300/8242/bc764e3111ff48d57dafe74da72e40b6/batchfp_req0001826860_lc.txt
1826861,240.6664109,0.037372,2458194.5,2460474.121,2024-06-12 14:55:13,2024-06-13 20:51:03,2024-06-13 20:58:35,12,57,/ztf/ops/forcedphot/lc/batchfp/br008201-008300/8242/bc764e3111ff48d57dafe74da72e40b6/batchfp_req0001826861_lc.txt
1826862,90.9167336,0.0404,2458194.5,2460474.121,2024-06-12 14:55:13,2024-06-13 20:54:35,2024-06-13 21:01:46,1,61,/ztf/ops/forcedphot/lc/batchfp/br008201-008300/8242/bc764e3111ff48d57dafe74da72e40b6/batchfp_req0001826862_lc.txt
1826863,221.2905623,0.024,2458194.5,2460474.121,2024-06-12 14:55:13,2024-06-13 20:54:54,2024-06-13 21:08:09,8,56,/ztf/ops/forcedphot/lc/batchfp/br008201-008300/8242/bc764e3111ff48d57dafe74da72e40b6/batchfp_req0001826863_lc.txt
1826864,334.1940943,0.019,2458194.5,2460474.121,2024-06-12 14:55:13,2024-06-13 20:55:41,2024-06-13 21:12:34,3,61,/ztf/ops/forcedphot/lc/batchfp/br008201-008300/8242/bc764e3111ff48d57dafe74da72e40b6/batchfp_req0001826864_lc.txt
1826865,186.0786105,0.06,2458194.5,2460474.121,2024-06-12 14:55:13,2024-06-13 20:45:32,2024-06-13 20:51:33,15,61,/ztf/ops/forcedphot/lc/batchfp/br008201-008300/8242/bc764e3111ff48d57dafe74da72e40b6/batchfp_req0001826865_lc.txt
1826866,160.8756455,0.046,2458194.5,2460474.121,2024-06-12 14:55:13,2024-06-13 20:57:01,2024-06-13 21:02:51,2,57,/ztf/ops/forcedphot/lc/batchfp/br008201-008300/8242/bc764e3111ff48d57dafe74da72e40b6/batchfp_req0001826866_lc.txt
1826867,22.4919848,0.04,2458194.5,2460474.121,2024-06-12 14:55:13,2024-06-13 20:57:09,2024-06-13 21:10:16,6,61,/ztf/ops/forcedphot/lc/batchfp/br008201-008300/8242/bc764e3111ff48d57dafe74da72e40b6/batchfp_req0001826867_lc.txt
1826868,64.1733931,0.0315,2458194.5,2460474.121,2024-06-12 14:55:13,2024-06-13 20:57:17,2024-06-13 21:07:14,12,61,/ztf/ops/forcedphot/lc/batchfp/br008201-008300/8242/bc764e3111ff48d57dafe74da72e40b6/batchfp_req0001826868_lc.txt
1826869,138.7534838,0.027214,2458194.5,2460474.121,2024-06-12 14:55:13,2024-06-13 20:57:44,2024-06-13 21:08:19,11,61,/ztf/ops/forcedphot/lc/batchfp/br008201-008300/8242/bc764e3111ff48d57dafe74da72e40b6/batchfp_req0001826869_lc.txt
1826870,358.8653687,0.049921,2458194.5,2460474.121,2024-06-12 14:55:13,2024-06-13 20:58:17,2024-06-13 21:08:21,15,61,/ztf/ops/forcedphot/lc/batchfp/br008201-008300/8242/bc764e3111ff48d57dafe74da72e40b6/batchfp_req0001826870_lc.txt
1826871,129.5440776,0.0286,2458194.5,2460474.121,2024-06-12 14:55:14,2024-06-13 20:59:09,2024-06-13 21:09:00,13,61,/ztf/ops/forcedphot/lc/batchfp/br008201-008300/8242/bc764e3111ff48d57dafe74da72e40b6/batchfp_req0001826871_lc.txt
1826872,246.3020427,0.03038,2458194.5,2460474.121,2024-06-12 14:55:14,2024-06-13 20:59:10,2024-06-13 21:07:08,2,57,/ztf/ops/forcedphot/lc/batchfp/br008201-008300/8242/bc764e3111ff48d57dafe74da72e40b6/batchfp_req0001826872_lc.txt
1826873,320.9141591,0.027,2458194.5,2460474.121,2024-06-12 14:55:14,2024-06-13 20:59:13,2024-06-13 21:10:37,12,61,/ztf/ops/forcedphot/lc/batchfp/br008201-008300/8242/bc764e3111ff48d57dafe74da72e40b6/batchfp_req0001826873_lc.txt
1826874,145.7009482,0.006,2458194.5,2460474.121,2024-06-12 14:55:14,2024-06-13 20:59:27,2024-06-13 21:09:05,1,57,/ztf/ops/forcedphot/lc/batchfp/br008201-008300/8242/bc764e3111ff48d57dafe74da72e40b6/batchfp_req0001826874_lc.txt
1826875,95.3950463,0.0054,2458194.5,2460474.121,2024-06-12 14:55:14,2024-06-13 21:00:30,2024-06-13 21:07:33,13,61,/ztf/ops/forcedphot/lc/batchfp/br008201-008300/8242/bc764e3111ff48d57dafe74da72e40b6/batchfp_req0001826875_lc.txt
1826876,75.2662665,0.056,2458194.5,2460474.121,2024-06-12 14:55:14,2024-06-13 21:00:51,2024-06-13 21:15:38,15,61,/ztf/ops/forcedphot/lc/batchfp/br008201-008300/8242/bc764e3111ff48d57dafe74da72e40b6/batchfp_req0001826876_lc.txt
1826877,194.7234027,0.023376,2458194.5,2460474.121,2024-06-12 14:55:14,2024-06-13 21:01:19,2024-06-13 21:06:54,9,57,/ztf/ops/forcedphot/lc/batchfp/br008201-008300/8242/bc764e3111ff48d57dafe74da72e40b6/batchfp_req0001826877_lc.txt
1826878,15.9512944,0.04,2458194.5,2460474.121,2024-06-12 14:55:14,2024-06-13 21:01:50,2024-06-13 21:12:52,1,61,/ztf/ops/forcedphot/lc/batchfp/br008201-008300/8242/bc764e3111ff48d57dafe74da72e40b6/batchfp_req0001826878_lc.txt
1826879,170.4280959,0.035426,2458194.5,2460474.121,2024-06-12 14:55:14,2024-06-13 21:02:03,2024-06-13 21:08:04,11,57,/ztf/ops/forcedphot/lc/batchfp/br008201-008300/8242/bc764e3111ff48d57dafe74da72e40b6/batchfp_req0001826879_lc.txt
1826880,131.5883239,0.051,2458194.5,2460474.121,2024-06-12 14:55:14,2024-06-13 21:02:52,2024-06-13 21:12:25,7,57,/ztf/ops/forcedphot/lc/batchfp/br008201-008300/8242/bc764e3111ff48d57dafe74da72e40b6/batchfp_req0001826880_lc.txt
1826881,195.0790307,0.046,2458194.5,2460474.121,2024-06-12 14:55:14,2024-06-13 21:02:59,2024-06-13 21:12:31,2,61,/ztf/ops/forcedphot/lc/batchfp/br008201-008300/8242/bc764e3111ff48d57dafe74da72e40b6/batchfp_req0001826881_lc.txt
1826882,77.7763019,0.02844,2458194.5,2460474.121,2024-06-12 14:55:14,2024-06-13 21:03:05,2024-06-13 21:10:56,4,61,/ztf/ops/forcedphot/lc/batchfp/br008201-008300/8242/bc764e3111ff48d57dafe74da72e40b6/batchfp_req0001826882_lc.txt
1826883,190.8843573,0.007,2458194.5,2460474.121,2024-06-12 14:55:14,2024-06-13 20:45:19,2024-06-13 20:50:57,12,57,/ztf/ops/forcedphot/lc/batchfp/br008201-008300/8242/bc764e3111ff48d57dafe74da72e40b6/batchfp_req0001826883_lc.txt
1826884,318.7536126,0.04,2458194.5,2460474.121,2024-06-12 14:55:14,2024-06-13 21:03:43,2024-06-13 21:13:21,4,61,/ztf/ops/forcedphot/lc/batchfp/br008201-008300/8242/bc764e3111ff48d57dafe74da72e40b6/batchfp_req0001826884_lc.txt
1826885,167.9824907,0.0298,2458194.5,2460474.121,2024-06-12 14:55:14,2024-06-13 21:03:59,2024-06-13 21:09:56,10,57,/ztf/ops/forcedphot/lc/batchfp/br008201-008300/8242/bc764e3111ff48d57dafe74da72e40b6/batchfp_req0001826885_lc.txt
1826886,250.8363409,61.5948518,2458194.5,2460474.128,2024-06-12 15:06:36,2024-06-13 21:06:59,2024-06-13 21:39:18,9,61,/ztf/ops/forcedphot/lc/batchfp/br008201-008300/8243/38c36a1d9ce2c532cdc59df28dab9094/batchfp_req0001826886_lc.txt
1826887,163.9395157,24.0277239,2458194.5,2460474.128,2024-06-12 15:06:36,2024-06-13 21:07:15,2024-06-13 21:18:13,2,61,/ztf/ops/forcedphot/lc/batchfp/br008201-008300/8243/38c36a1d9ce2c532cdc59df28dab9094/batchfp_req0001826887_lc.txt
1826888,195.060528,27.9567921,2458194.5,2460474.128,2024-06-12 15:06:36,2024-06-13 9:00:18,2024-06-13 9:40:18,6,61,/ztf/ops/forcedphot/lc/batchfp/br008201-008300/8243/38c36a1d9ce2c532cdc59df28dab9094/batchfp_req0001826888_lc.txt
1826889,289.1201164,41.8893542,2458194.5,2460474.128,2024-06-12 15:06:36,2024-06-13 21:07:20,2024-06-13 21:24:39,12,56,/ztf/ops/forcedphot/lc/batchfp/br008201-008300/8243/38c36a1d9ce2c532cdc59df28dab9094/batchfp_req0001826889_lc.txt
1826890,244.1257126,21.2513642,2458194.5,2460474.128,2024-06-12 15:06:36,2024-06-13 21:07:41,2024-06-13 21:26:07,13,0,/ztf/ops/forcedphot/lc/batchfp/br008201-008300/8243/38c36a1d9ce2c532cdc59df28dab9094/batchfp_req0001826890_lc.txt
1826891,60.6632611,25.2335423,2458194.5,2460474.128,2024-06-12 15:06:36,2024-06-13 18:15:21,2024-06-13 18:41:41,1,61,/ztf/ops/forcedphot/lc/batchfp/br008201-008300/8243/38c36a1d9ce2c532cdc59df28dab9094/batchfp_req0001826891_lc.txt
1826892,74.7593785,-0.4419266,2458194.5,2460474.128,2024-06-12 15:06:36,2024-06-13 21:08:11,2024-06-13 21:29:22,11,61,/ztf/ops/forcedphot/lc/batchfp/br008201-008300/8243/38c36a1d9ce2c532cdc59df28dab9094/batchfp_req0001826892_lc.txt
1826893,9.472744,-21.471928,2458194.5,2460474.128,2024-06-12 15:06:36,2024-06-13 21:08:32,2024-06-13 21:15:09,8,57,/ztf/ops/forcedphot/lc/batchfp/br008201-008300/8243/38c36a1d9ce2c532cdc59df28dab9094/batchfp_req0001826893_lc.txt
1826894,204.8457138,51.0497736,2458194.5,2460474.128,2024-06-12 15:06:36,2024-06-13 21:08:26,2024-06-13 21:30:04,15,61,/ztf/ops/forcedphot/lc/batchfp/br008201-008300/8243/38c36a1d9ce2c532cdc59df28dab9094/batchfp_req0001826894_lc.txt
1826895,97.9791537,35.5565825,2458194.5,2460474.128,2024-06-12 15:06:36,2024-06-13 21:09:11,2024-06-13 21:39:35,1,57,/ztf/ops/forcedphot/lc/batchfp/br008201-008300/8243/38c36a1d9ce2c532cdc59df28dab9094/batchfp_req0001826895_lc.txt
1826896,90.9167336,-26.663159,2458194.5,2460474.128,2024-06-12 15:06:36,2024-06-13 21:09:16,2024-06-13 21:29:12,11,61,/ztf/ops/forcedphot/lc/batchfp/br008201-008300/8243/38c36a1d9ce2c532cdc59df28dab9094/batchfp_req0001826896_lc.txt
1826897,221.2905623,9.2739279,2458194.5,2460474.128,2024-06-12 15:06:36,2024-06-13 21:09:24,2024-06-13 21:23:15,13,56,/ztf/ops/forcedphot/lc/batchfp/br008201-008300/8243/38c36a1d9ce2c532cdc59df28dab9094/batchfp_req0001826897_lc.txt
1826898,334.1940943,86.9325033,2458194.5,2460474.128,2024-06-12 15:06:36,2024-06-13 21:09:58,2024-06-13 21:18:34,7,56,/ztf/ops/forcedphot/lc/batchfp/br008201-008300/8243/38c36a1d9ce2c532cdc59df28dab9094/batchfp_req0001826898_lc.txt
1826899,186.0786105,10.4462804,2458194.5,2460474.128,2024-06-12 15:06:36,2024-06-13 21:09:59,2024-06-13 21:24:08,10,55,/ztf/ops/forcedphot/lc/batchfp/br008201-008300/8243/38c36a1d9ce2c532cdc59df28dab9094/batchfp_req0001826899_lc.txt
1826900,22.4919848,19.4391821,2458194.5,2460474.128,2024-06-12 15:06:36,2024-06-13 21:12:57,2024-06-13 21:27:35,1,56,/ztf/ops/forcedphot/lc/batchfp/br008201-008300/8243/38c36a1d9ce2c532cdc59df28dab9094/batchfp_req0001826900_lc.txt
1826901,170.4280959,34.3583059,2458194.5,2460474.128,2024-06-12 15:06:36,2024-06-13 21:27:43,2024-06-13 21:55:25,1,61,/ztf/ops/forcedphot/lc/batchfp/br008201-008300/8243/38c36a1d9ce2c532cdc59df28dab9094/batchfp_req0001826901_lc.txt
1826902,131.5883239,-12.656028,2458194.5,2460474.128,2024-06-12 15:06:36,2024-06-13 21:39:46,2024-06-13 21:46:29,1,61,/ztf/ops/forcedphot/lc/batchfp/br008201-008300/8243/38c36a1d9ce2c532cdc59df28dab9094/batchfp_req0001826902_lc.txt
1826903,195.0790307,-33.6297568,2458194.5,2460474.128,2024-06-12 15:06:36,2024-06-13 21:46:33,2024-06-13 21:46:35,1,63,/ztf/ops/forcedphot/lc/batchfp/br008201-008300/8243/38c36a1d9ce2c532cdc59df28dab9094/batchfp_req0001826903_lc.txt
1826904,77.7763019,-1.0802049,2458194.5,2460474.128,2024-06-12 15:06:37,2024-06-13 21:46:35,2024-06-13 21:54:53,1,61,/ztf/ops/forcedphot/lc/batchfp/br008201-008300/8243/38c36a1d9ce2c532cdc59df28dab9094/batchfp_req0001826904_lc.txt
1826905,318.7536126,21.9102038,2458194.5,2460474.128,2024-06-12 15:06:37,2024-06-13 21:55:02,2024-06-13 22:15:49,1,61,/ztf/ops/forcedphot/lc/batchfp/br008201-008300/8243/38c36a1d9ce2c532cdc59df28dab9094/batchfp_req0001826905_lc.txt
1826906,167.9824907,3.1337029,2458194.5,2460474.128,2024-06-12 15:06:37,2024-06-13 21:55:36,2024-06-13 22:03:41,1,57,/ztf/ops/forcedphot/lc/batchfp/br008201-008300/8243/38c36a1d9ce2c532cdc59df28dab9094/batchfp_req0001826906_lc.txt
1826907,250.8363409,61.59485183,2458194.5,2460474.264,2024-06-12 18:22:44,2024-06-13 21:06:59,2024-06-13 21:39:18,9,61,/ztf/ops/forcedphot/lc/batchfp/br008201-008300/8244/85e89821bb99532a9e08942298a06531/batchfp_req0001826907_lc.txt
1826908,32.76231,36.48174991,2458194.5,2460474.264,2024-06-12 18:22:44,2024-06-13 22:03:45,2024-06-13 22:25:13,1,61,/ztf/ops/forcedphot/lc/batchfp/br008201-008300/8244/85e89821bb99532a9e08942298a06531/batchfp_req0001826908_lc.txt
1826909,163.9395157,24.02772392,2458194.5,2460474.264,2024-06-12 18:22:44,2024-06-13 21:07:15,2024-06-13 21:18:13,2,61,/ztf/ops/forcedphot/lc/batchfp/br008201-008300/8244/85e89821bb99532a9e08942298a06531/batchfp_req0001826909_lc.txt
1826910,24.10225903,22.04985389,2458194.5,2460474.264,2024-06-12 18:22:44,2024-06-13 22:15:56,2024-06-13 22:33:40,1,61,/ztf/ops/forcedphot/lc/batchfp/br008201-008300/8244/85e89821bb99532a9e08942298a06531/batchfp_req0001826910_lc.txt
1826911,195.060528,27.95679209,2458194.5,2460474.264,2024-06-12 18:22:44,2024-06-13 9:00:18,2024-06-13 9:40:18,6,61,/ztf/ops/forcedphot/lc/batchfp/br008201-008300/8244/85e89821bb99532a9e08942298a06531/batchfp_req0001826911_lc.txt
1826912,356.0632529,-23.52918121,2458194.5,2460474.264,2024-06-12 18:22:44,2024-06-13 22:25:22,2024-06-13 22:30:45,1,61,/ztf/ops/forcedphot/lc/batchfp/br008201-008300/8244/85e89821bb99532a9e08942298a06531/batchfp_req0001826912_lc.txt
1826913,289.1201164,41.88935424,2458194.5,2460474.264,2024-06-12 18:22:44,2024-06-13 21:07:20,2024-06-13 21:24:39,12,56,/ztf/ops/forcedphot/lc/batchfp/br008201-008300/8244/85e89821bb99532a9e08942298a06531/batchfp_req0001826913_lc.txt
1826914,244.1257126,21.25136419,2458194.5,2460474.264,2024-06-12 18:22:44,2024-06-13 21:07:41,2024-06-13 21:26:07,13,0,/ztf/ops/forcedphot/lc/batchfp/br008201-008300/8244/85e89821bb99532a9e08942298a06531/batchfp_req0001826914_lc.txt
1826915,186.6344307,31.42834243,2458194.5,2460474.264,2024-06-12 18:22:44,2024-06-13 22:30:48,2024-06-13 22:35:53,1,61,/ztf/ops/forcedphot/lc/batchfp/br008201-008300/8244/85e89821bb99532a9e08942298a06531/batchfp_req0001826915_lc.txt
1826916,214.2615809,10.82199681,2458194.5,2460474.264,2024-06-12 18:22:44,2024-06-13 22:33:50,2024-06-13 22:47:07,1,61,/ztf/ops/forcedphot/lc/batchfp/br008201-008300/8244/85e89821bb99532a9e08942298a06531/batchfp_req0001826916_lc.txt
1826917,163.7085071,-7.380964391,2458194.5,2460474.264,2024-06-12 18:22:44,2024-06-13 22:35:54,2024-06-13 22:43:16,1,57,/ztf/ops/forcedphot/lc/batchfp/br008201-008300/8244/85e89821bb99532a9e08942298a06531/batchfp_req0001826917_lc.txt
1826918,60.66326112,25.23354229,2458194.5,2460474.264,2024-06-12 18:22:45,2024-06-13 18:15:21,2024-06-13 18:41:41,1,61,/ztf/ops/forcedphot/lc/batchfp/br008201-008300/8244/85e89821bb99532a9e08942298a06531/batchfp_req0001826918_lc.txt
1826919,74.75937846,-0.4419266447,2458194.5,2460474.264,2024-06-12 18:22:45,2024-06-13 21:08:11,2024-06-13 21:29:22,11,61,/ztf/ops/forcedphot/lc/batchfp/br008201-008300/8244/85e89821bb99532a9e08942298a06531/batchfp_req0001826919_lc.txt
1826920,9.472744,-21.471928,2458194.5,2460474.264,2024-06-12 18:22:45,2024-06-13 21:08:32,2024-06-13 21:15:09,8,57,/ztf/ops/forcedphot/lc/batchfp/br008201-008300/8244/85e89821bb99532a9e08942298a06531/batchfp_req0001826920_lc.txt
1826921,45.87997298,27.68219876,2458194.5,2460474.264,2024-06-12 18:22:45,2024-06-13 22:43:21,2024-06-13 22:55:56,1,61,/ztf/ops/forcedphot/lc/batchfp/br008201-008300/8244/85e89821bb99532a9e08942298a06531/batchfp_req0001826921_lc.txt
1826922,204.8457138,51.04977363,2458194.5,2460474.264,2024-06-12 18:22:45,2024-06-13 21:08:26,2024-06-13 21:30:04,15,61,/ztf/ops/forcedphot/lc/batchfp/br008201-008300/8244/85e89821bb99532a9e08942298a06531/batchfp_req0001826922_lc.txt
1826923,240.276152,19.45021417,2458194.5,2460474.264,2024-06-12 18:22:45,2024-06-13 22:47:15,2024-06-13 23:03:11,1,57,/ztf/ops/forcedphot/lc/batchfp/br008201-008300/8244/85e89821bb99532a9e08942298a06531/batchfp_req0001826923_lc.txt
1826924,55.28812041,-2.848537586,2458194.5,2460474.264,2024-06-12 18:22:45,2024-06-13 22:56:05,2024-06-13 23:03:58,1,61,/ztf/ops/forcedphot/lc/batchfp/br008201-008300/8244/85e89821bb99532a9e08942298a06531/batchfp_req0001826924_lc.txt
1826925,184.5078288,-20.85760188,2458194.5,2460474.264,2024-06-12 18:22:45,2024-06-13 23:03:19,2024-06-13 23:06:37,1,61,/ztf/ops/forcedphot/lc/batchfp/br008201-008300/8244/85e89821bb99532a9e08942298a06531/batchfp_req0001826925_lc.txt
1826926,203.1880694,-13.04716053,2458194.5,2460474.264,2024-06-12 18:22:45,2024-06-13 23:04:03,2024-06-13 23:10:46,1,55,/ztf/ops/forcedphot/lc/batchfp/br008201-008300/8244/85e89821bb99532a9e08942298a06531/batchfp_req0001826926_lc.txt
1826927,97.97915369,35.55658245,2458194.5,2460474.264,2024-06-12 18:22:45,2024-06-13 21:09:11,2024-06-13 21:39:35,1,57,/ztf/ops/forcedphot/lc/batchfp/br008201-008300/8244/85e89821bb99532a9e08942298a06531/batchfp_req0001826927_lc.txt
1826928,16.88778656,32.40822861,2458194.5,2460474.264,2024-06-12 18:22:45,2024-06-13 23:06:40,2024-06-13 23:31:53,1,61,/ztf/ops/forcedphot/lc/batchfp/br008201-008300/8244/85e89821bb99532a9e08942298a06531/batchfp_req0001826928_lc.txt
1826929,178.7942524,-7.843156339,2458194.5,2460474.264,2024-06-12 18:22:45,2024-06-13 23:10:50,2024-06-13 23:13:18,1,61,/ztf/ops/forcedphot/lc/batchfp/br008201-008300/8244/85e89821bb99532a9e08942298a06531/batchfp_req0001826929_lc.txt
1826930,211.3783892,15.72095064,2458194.5,2460474.264,2024-06-12 18:22:45,2024-06-13 23:13:19,2024-06-13 23:30:13,1,61,/ztf/ops/forcedphot/lc/batchfp/br008201-008300/8244/85e89821bb99532a9e08942298a06531/batchfp_req0001826930_lc.txt
1826931,240.6664109,15.76214896,2458194.5,2460474.264,2024-06-12 18:22:45,2024-06-13 23:30:23,2024-06-13 23:48:00,1,57,/ztf/ops/forcedphot/lc/batchfp/br008201-008300/8244/85e89821bb99532a9e08942298a06531/batchfp_req0001826931_lc.txt
1826932,90.9167336,-26.66315895,2458194.5,2460474.264,2024-06-12 18:22:45,2024-06-13 21:09:16,2024-06-13 21:29:12,11,61,/ztf/ops/forcedphot/lc/batchfp/br008201-008300/8244/85e89821bb99532a9e08942298a06531/batchfp_req0001826932_lc.txt
1826933,221.2905623,9.273927895,2458194.5,2460474.264,2024-06-12 18:22:45,2024-06-13 21:09:24,2024-06-13 21:23:15,13,56,/ztf/ops/forcedphot/lc/batchfp/br008201-008300/8244/85e89821bb99532a9e08942298a06531/batchfp_req0001826933_lc.txt
1826934,334.1940943,86.93250327,2458194.5,2460474.264,2024-06-12 18:22:45,2024-06-13 21:09:58,2024-06-13 21:18:34,7,56,/ztf/ops/forcedphot/lc/batchfp/br008201-008300/8244/85e89821bb99532a9e08942298a06531/batchfp_req0001826934_lc.txt
1826935,186.0786105,10.44628041,2458194.5,2460474.264,2024-06-12 18:22:45,2024-06-13 21:09:59,2024-06-13 21:24:08,10,55,/ztf/ops/forcedphot/lc/batchfp/br008201-008300/8244/85e89821bb99532a9e08942298a06531/batchfp_req0001826935_lc.txt
1826936,160.8756455,19.08295147,2458194.5,2460474.264,2024-06-12 18:22:45,2024-06-13 23:32:02,2024-06-13 23:41:50,1,61,/ztf/ops/forcedphot/lc/batchfp/br008201-008300/8244/85e89821bb99532a9e08942298a06531/batchfp_req0001826936_lc.txt
1826937,22.49198481,19.43918211,2458194.5,2460474.264,2024-06-12 18:22:45,2024-06-13 21:12:57,2024-06-13 21:27:35,1,56,/ztf/ops/forcedphot/lc/batchfp/br008201-008300/8244/85e89821bb99532a9e08942298a06531/batchfp_req0001826937_lc.txt
1826938,64.17339308,-12.18356267,2458194.5,2460474.264,2024-06-12 18:22:45,2024-06-13 23:41:59,2024-06-13 23:54:34,1,56,/ztf/ops/forcedphot/lc/batchfp/br008201-008300/8244/85e89821bb99532a9e08942298a06531/batchfp_req0001826938_lc.txt
1826939,138.7534838,22.58956198,2458194.5,2460474.264,2024-06-12 18:22:45,2024-06-13 23:48:08,2024-06-14 0:10:45,1,61,/ztf/ops/forcedphot/lc/batchfp/br008201-008300/8244/85e89821bb99532a9e08942298a06531/batchfp_req0001826939_lc.txt
1826940,358.8653687,-34.8748441,2458194.5,2460474.264,2024-06-12 18:22:45,2024-06-13 23:54:42,2024-06-13 23:54:44,1,63,/ztf/ops/forcedphot/lc/batchfp/br008201-008300/8244/85e89821bb99532a9e08942298a06531/batchfp_req0001826940_lc.txt
1826941,129.5440776,25.10152017,2458194.5,2460474.264,2024-06-12 18:22:45,2024-06-13 23:54:45,2024-06-14 0:08:58,1,57,/ztf/ops/forcedphot/lc/batchfp/br008201-008300/8244/85e89821bb99532a9e08942298a06531/batchfp_req0001826941_lc.txt
1826942,246.3020427,40.84025347,2458194.5,2460474.264,2024-06-12 18:22:45,2024-06-14 0:09:06,2024-06-14 0:47:51,1,61,/ztf/ops/forcedphot/lc/batchfp/br008201-008300/8244/85e89821bb99532a9e08942298a06531/batchfp_req0001826942_lc.txt
1826943,320.9141591,39.58090292,2458194.5,2460474.264,2024-06-12 18:22:45,2024-06-14 0:10:56,2024-06-14 0:47:22,1,61,/ztf/ops/forcedphot/lc/batchfp/br008201-008300/8244/85e89821bb99532a9e08942298a06531/batchfp_req0001826943_lc.txt
1826944,145.7009482,-3.607061832,2458194.5,2460474.264,2024-06-12 18:22:45,2024-06-14 0:47:29,2024-06-14 1:02:20,1,61,/ztf/ops/forcedphot/lc/batchfp/br008201-008300/8244/85e89821bb99532a9e08942298a06531/batchfp_req0001826944_lc.txt
1826945,95.39504627,-27.21486246,2458194.5,2460474.264,2024-06-12 18:22:45,2024-06-14 0:48:00,2024-06-14 0:53:46,1,57,/ztf/ops/forcedphot/lc/batchfp/br008201-008300/8244/85e89821bb99532a9e08942298a06531/batchfp_req0001826945_lc.txt
1826946,194.7234027,28.12694986,2458194.5,2460474.264,2024-06-12 18:22:45,2024-06-13 9:00:18,2024-06-13 9:40:18,6,61,/ztf/ops/forcedphot/lc/batchfp/br008201-008300/8244/85e89821bb99532a9e08942298a06531/batchfp_req0001826946_lc.txt
1826947,15.95129445,10.59235175,2458194.5,2460474.264,2024-06-12 18:22:45,2024-06-14 0:53:51,2024-06-14 1:07:19,1,56,/ztf/ops/forcedphot/lc/batchfp/br008201-008300/8244/85e89821bb99532a9e08942298a06531/batchfp_req0001826947_lc.txt
1826948,170.4280959,34.35830593,2458194.5,2460474.264,2024-06-12 18:22:45,2024-06-13 21:27:43,2024-06-13 21:55:25,1,61,/ztf/ops/forcedphot/lc/batchfp/br008201-008300/8244/85e89821bb99532a9e08942298a06531/batchfp_req0001826948_lc.txt
1826949,131.5883239,-12.65602804,2458194.5,2460474.264,2024-06-12 18:22:45,2024-06-13 21:39:46,2024-06-13 21:46:29,1,61,/ztf/ops/forcedphot/lc/batchfp/br008201-008300/8244/85e89821bb99532a9e08942298a06531/batchfp_req0001826949_lc.txt
1826950,195.0790307,-33.62975679,2458194.5,2460474.264,2024-06-12 18:22:45,2024-06-13 21:46:33,2024-06-13 21:46:35,1,63,/ztf/ops/forcedphot/lc/batchfp/br008201-008300/8244/85e89821bb99532a9e08942298a06531/batchfp_req0001826950_lc.txt
1826951,77.7763019,-1.080204896,2458194.5,2460474.264,2024-06-12 18:22:45,2024-06-13 21:46:35,2024-06-13 21:54:53,1,61,/ztf/ops/forcedphot/lc/batchfp/br008201-008300/8244/85e89821bb99532a9e08942298a06531/batchfp_req0001826951_lc.txt
1826952,318.7536126,21.9102038,2458194.5,2460474.264,2024-06-12 18:22:46,2024-06-13 21:55:02,2024-06-13 22:15:49,1,61,/ztf/ops/forcedphot/lc/batchfp/br008201-008300/8244/85e89821bb99532a9e08942298a06531/batchfp_req0001826952_lc.txt
1826953,167.9824907,3.133702873,2458194.5,2460474.264,2024-06-12 18:22:46,2024-06-13 21:55:36,2024-06-13 22:03:41,1,57,/ztf/ops/forcedphot/lc/batchfp/br008201-008300/8244/85e89821bb99532a9e08942298a06531/batchfp_req0001826953_lc.txt
1932040,296.9899108,3.945055179,2458194.5,2460481.151,2024-06-19 15:38:49,2024-06-21 15:41:04,2024-06-21 15:46:18,15,61,/ztf/ops/forcedphot/lc/batchfp/br008301-008400/8323/979863cab0c0f136f5788231d3eda848/batchfp_req0001932040_lc.txt
1932041,185.4481515,10.59147507,2458194.5,2460481.151,2024-06-19 15:38:49,2024-06-21 15:41:35,2024-06-21 16:03:30,9,61,/ztf/ops/forcedphot/lc/batchfp/br008301-008400/8323/979863cab0c0f136f5788231d3eda848/batchfp_req0001932041_lc.txt
1932042,201.2416019,-24.18078484,2458194.5,2460481.151,2024-06-19 15:38:49,2024-06-21 15:41:41,2024-06-21 15:42:34,12,61,/ztf/ops/forcedphot/lc/batchfp/br008301-008400/8323/979863cab0c0f136f5788231d3eda848/batchfp_req0001932042_lc.txt
1932043,96.72038767,-24.61479755,2458194.5,2460481.151,2024-06-19 15:38:49,2024-06-21 15:41:48,2024-06-21 15:47:42,12,57,/ztf/ops/forcedphot/lc/batchfp/br008301-008400/8323/979863cab0c0f136f5788231d3eda848/batchfp_req0001932043_lc.txt
1932044,28.93614807,-25.24876335,2458194.5,2460481.151,2024-06-19 15:38:49,2024-06-21 15:42:35,2024-06-21 15:46:31,12,61,/ztf/ops/forcedphot/lc/batchfp/br008301-008400/8323/979863cab0c0f136f5788231d3eda848/batchfp_req0001932044_lc.txt
1932045,1.162369272,-8.09992668,2458194.5,2460481.151,2024-06-19 15:38:49,2024-06-21 15:42:47,2024-06-21 15:56:52,6,61,/ztf/ops/forcedphot/lc/batchfp/br008301-008400/8323/979863cab0c0f136f5788231d3eda848/batchfp_req0001932045_lc.txt
1932046,227.3563931,25.47154256,2458194.5,2460481.151,2024-06-19 15:38:49,2024-06-21 15:42:49,2024-06-21 15:58:17,11,0,/ztf/ops/forcedphot/lc/batchfp/br008301-008400/8323/979863cab0c0f136f5788231d3eda848/batchfp_req0001932046_lc.txt
1932047,215.1956051,-19.78613155,2458194.5,2460481.151,2024-06-19 15:38:49,2024-06-21 15:43:06,2024-06-21 15:53:00,5,57,/ztf/ops/forcedphot/lc/batchfp/br008301-008400/8323/979863cab0c0f136f5788231d3eda848/batchfp_req0001932047_lc.txt
1932048,76.34879771,-11.88225321,2458194.5,2460481.151,2024-06-19 15:38:49,2024-06-21 15:44:34,2024-06-21 15:54:49,2,61,/ztf/ops/forcedphot/lc/batchfp/br008301-008400/8323/979863cab0c0f136f5788231d3eda848/batchfp_req0001932048_lc.txt
1932049,219.5078377,10.18407552,2458194.5,2460481.151,2024-06-19 15:38:49,2024-06-21 15:44:56,2024-06-21 15:55:33,10,56,/ztf/ops/forcedphot/lc/batchfp/br008301-008400/8323/979863cab0c0f136f5788231d3eda848/batchfp_req0001932049_lc.txt
1932050,212.2047217,35.61423431,2458194.5,2460481.151,2024-06-19 15:38:49,2024-06-21 15:46:22,2024-06-21 16:15:38,15,57,/ztf/ops/forcedphot/lc/batchfp/br008301-008400/8323/979863cab0c0f136f5788231d3eda848/batchfp_req0001932050_lc.txt
1932051,341.8629272,-25.66482784,2458194.5,2460481.151,2024-06-19 15:38:49,2024-06-21 15:46:34,2024-06-21 15:50:17,2,0,/ztf/ops/forcedphot/lc/batchfp/br008301-008400/8323/979863cab0c0f136f5788231d3eda848/batchfp_req0001932051_lc.txt
1932052,17.78523155,-13.94413061,2458194.5,2460481.151,2024-06-19 15:38:49,2024-06-21 15:46:35,2024-06-21 15:52:57,12,61,/ztf/ops/forcedphot/lc/batchfp/br008301-008400/8323/979863cab0c0f136f5788231d3eda848/batchfp_req0001932052_lc.txt
1932053,139.1750924,18.9650336,2458194.5,2460481.151,2024-06-19 15:38:49,2024-06-21 15:47:08,2024-06-21 15:51:00,13,61,/ztf/ops/forcedphot/lc/batchfp/br008301-008400/8323/979863cab0c0f136f5788231d3eda848/batchfp_req0001932053_lc.txt
1932054,145.3088815,26.08860138,2458194.5,2460481.151,2024-06-19 15:38:49,2024-06-21 15:47:17,2024-06-21 15:56:39,10,61,/ztf/ops/forcedphot/lc/batchfp/br008301-008400/8323/979863cab0c0f136f5788231d3eda848/batchfp_req0001932054_lc.txt
1932055,167.9824905,3.13370243,2458194.5,2460481.151,2024-06-19 15:38:49,2024-06-21 15:47:58,2024-06-21 15:55:41,12,61,/ztf/ops/forcedphot/lc/batchfp/br008301-008400/8323/979863cab0c0f136f5788231d3eda848/batchfp_req0001932055_lc.txt
1932056,264.7369415,74.82995899,2458194.5,2460481.151,2024-06-19 15:38:49,2024-06-21 15:48:11,2024-06-21 16:34:04,3,61,/ztf/ops/forcedphot/lc/batchfp/br008301-008400/8323/979863cab0c0f136f5788231d3eda848/batchfp_req0001932056_lc.txt
1932057,29.1356962,3.860408406,2458194.5,2460481.151,2024-06-19 15:38:50,2024-06-21 15:48:56,2024-06-21 16:00:35,3,61,/ztf/ops/forcedphot/lc/batchfp/br008301-008400/8323/979863cab0c0f136f5788231d3eda848/batchfp_req0001932057_lc.txt
1932058,70.72920637,0.6183744592,2458194.5,2460481.151,2024-06-19 15:38:50,2024-06-21 15:50:21,2024-06-21 16:07:57,2,56,/ztf/ops/forcedphot/lc/batchfp/br008301-008400/8323/979863cab0c0f136f5788231d3eda848/batchfp_req0001932058_lc.txt
1932059,162.8512118,8.558297167,2458194.5,2460481.151,2024-06-19 15:38:50,2024-06-21 15:51:08,2024-06-21 15:59:47,13,57,/ztf/ops/forcedphot/lc/batchfp/br008301-008400/8323/979863cab0c0f136f5788231d3eda848/batchfp_req0001932059_lc.txt